{
  "window_samples": 500,
  "threshold_ua": 20.0,
  "o2_scfh": 14.005613529411766,
  "fg_scfh": 11.05936829779412,
  "fto_ratio": 0.7896382600140625,
  "preheat_scfh": 25.064981827205884,
  "wire_d_in": 0.041,
  "standoff_in": 0.1,
  "cut_o2_psig": 20.0,
  "wire_material": "steel",
  "feed_ips": "28",
  "start_index": 4999,
  "stop_index": 16999,
  "max_ua": 245.9038747605258,
  "min_ua": 20.74997572898283,
  "mean_max_ua": 60.250855678828884,
  "mean_min_ua": 27.688743315820247,
  "mean_std_ua": 6.400810125156388,
  "mean_ua": 48.517623167825214,
  "median_ua": 44.530557256221634,
  "std_ua": 17.325053888305234,
  "rms_ua": 51.51812545199767,
  "post2": 1
}
