{
  "window_samples": 500,
  "threshold_ua": 20.0,
  "o2_scfh": 13.994953970588236,
  "fg_scfh": 10.816793029411766,
  "fto_ratio": 0.7729066527938794,
  "preheat_scfh": 24.811747000000004,
  "wire_d_in": 0.041,
  "standoff_in": 0.1,
  "cut_o2_psig": 20.0,
  "wire_material": "steel",
  "feed_ips": "31",
  "start_index": 5000,
  "stop_index": 16000,
  "max_ua": 243.38598989087012,
  "min_ua": -2.937402423064446,
  "mean_max_ua": 61.91543417928402,
  "mean_min_ua": 31.4366871500477,
  "mean_std_ua": 6.636936935826211,
  "mean_ua": 44.31947714427995,
  "median_ua": 40.98677776088878,
  "std_ua": 18.769338466785783,
  "rms_ua": 48.13007501368679,
  "post2": 1
}
