{
  "window_samples": 500,
  "threshold_ua": 20.0,
  "o2_scfh": 13.994953970588236,
  "fg_scfh": 10.816793029411766,
  "fto_ratio": 0.7729066527938794,
  "preheat_scfh": 24.811747000000004,
  "wire_d_in": 0.041,
  "standoff_in": 0.1,
  "cut_o2_psig": 20.0,
  "wire_material": "steel",
  "feed_ips": "31",
  "start_index": 5499,
  "stop_index": 16999,
  "max_ua": 243.38598989087012,
  "min_ua": 16.802090525473652,
  "mean_max_ua": 61.91543417928402,
  "mean_min_ua": 31.4366871500477,
  "mean_ua": 44.87788519060022,
  "median_ua": 41.297642691260286,
  "std_ua": 17.974592077594348,
  "rms_ua": 48.343671142525075,
  "post2": 1
}
