{
  "window_samples": 500,
  "threshold_ua": 20.0,
  "o2_scfh": 14.007897720588236,
  "fg_scfh": 10.935799378676467,
  "fto_ratio": 0.7806881230010322,
  "preheat_scfh": 24.943697099264703,
  "wire_d_in": 0.041,
  "standoff_in": 0.1,
  "cut_o2_psig": 20.0,
  "wire_material": "steel",
  "feed_ips": "34",
  "start_index": 7099,
  "stop_index": 14900,
  "max_ua": 351.96843381422997,
  "min_ua": 16.42905851470362,
  "mean_max_ua": 45.284321885269705,
  "mean_min_ua": 34.6026440488441,
  "mean_std_ua": 2.785800175500087,
  "mean_ua": 40.452710042560184,
  "median_ua": 36.106327294643975,
  "std_ua": 18.018039908748204,
  "rms_ua": 44.28398708269946,
  "post2": 1
}
