{
  "window_samples": 500,
  "threshold_ua": 20.0,
  "o2_scfh": 14.007897720588236,
  "fg_scfh": 10.935799378676467,
  "fto_ratio": 0.7806881230010322,
  "preheat_scfh": 24.943697099264703,
  "wire_d_in": 0.041,
  "standoff_in": 0.1,
  "cut_o2_psig": 20.0,
  "wire_material": "steel",
  "feed_ips": "34",
  "start_index": 4000,
  "stop_index": 15000,
  "max_ua": 373.168825592313,
  "min_ua": -3.1550088586038,
  "mean_max_ua": 113.78060088788497,
  "mean_min_ua": 34.6026440488441,
  "mean_ua": 51.20218492566481,
  "median_ua": 39.898784954363876,
  "std_ua": 30.555375652157746,
  "rms_ua": 59.62629220743523,
  "post2": 1
}
