{
  "window_samples": 500,
  "threshold_ua": 20.0,
  "o2_scfh": 14.00218724264706,
  "fg_scfh": 10.940938693014703,
  "fto_ratio": 0.7813735456765938,
  "preheat_scfh": 24.94312593566176,
  "wire_d_in": 0.041,
  "standoff_in": 0.1,
  "cut_o2_psig": 20.0,
  "wire_material": "iron",
  "feed_ips": "31",
  "start_index": 4500,
  "stop_index": 15500,
  "max_ua": 97.96689327728521,
  "min_ua": 0.38882280353180093,
  "mean_max_ua": 24.23872485781593,
  "mean_min_ua": 8.63673635197105,
  "mean_ua": 14.43045173611212,
  "median_ua": 13.382655033730801,
  "std_ua": 7.1554088371989275,
  "rms_ua": 16.10707338208049,
  "post2": 1
}
