{
  "window_samples": 1000,
  "threshold_ua": 20.0,
  "o2_scfh": 14.112780165441178,
  "fg_scfh": 10.94116710110294,
  "fto_ratio": 0.7752666004034584,
  "preheat_scfh": 25.053947266544117,
  "wire_d_in": 0.041,
  "standoff_in": 0.1,
  "cut_o2_psig": 20.0,
  "wire_material": "steel",
  "feed_ips": "16,18,20",
  "start_index": 21841,
  "stop_index": 58239,
  "window_n": 36,
  "mean_ua": 466.4239661710091,
  "median_ua": 122.49355851165001,
  "std_ua": 457.2841523843138,
  "rms_ua": 653.1922475355436
}