{
  "window_samples": 1000,
  "threshold_ua": 20.0,
  "o2_scfh": 14.054152591911766,
  "fg_scfh": 10.942880161764705,
  "fto_ratio": 0.7786225523168424,
  "preheat_scfh": 24.99703275367647,
  "wire_d_in": 0.041,
  "standoff_in": 0.1,
  "cut_o2_psig": 20.0,
  "wire_material": "steel",
  "feed_ips": "22,24,26",
  "start_index": 4770,
  "stop_index": 19451,
  "window_n": 14,
  "mean_ua": 73.38825999004399,
  "median_ua": 48.385181996340066,
  "std_ua": 146.70798598473428,
  "rms_ua": 164.03984228248723
}