{
  "window_samples": 500,
  "threshold_ua": 20.0,
  "o2_scfh": 14.199008161764706,
  "fg_scfh": 10.939568227941175,
  "fto_ratio": 0.7704459426538962,
  "preheat_scfh": 25.138576389705882,
  "wire_d_in": 0.041,
  "standoff_in": 0.1,
  "cut_o2_psig": 20.0,
  "wire_material": "steel",
  "feed_ips": "4,6,8",
  "start_index": 6500,
  "stop_index": 17500,
  "max_ua": 993.4222673898329,
  "min_ua": 7.662883035393082,
  "mean_max_ua": 993.4222673898328,
  "mean_min_ua": 14.003873516102182,
  "mean_ua": 372.68363964887243,
  "median_ua": 20.594548185193563,
  "std_ua": 469.1517634821971,
  "rms_ua": 599.1631434262174
}