{
  "window_samples": 500,
  "threshold_ua": 20.0,
  "o2_scfh": 14.012466102941179,
  "fg_scfh": 10.939910829044114,
  "fto_ratio": 0.7807270146935703,
  "preheat_scfh": 24.95237693198529,
  "wire_d_in": 0.041,
  "standoff_in": 0.1,
  "cut_o2_psig": 20.0,
  "wire_material": "stainless",
  "feed_ips": "31",
  "start_index": 9000,
  "stop_index": 20000,
  "max_ua": 993.4222673898329,
  "min_ua": -0.32614921300704486,
  "mean_max_ua": 939.7111855514806,
  "mean_min_ua": 44.06812334116217,
  "mean_ua": 589.2648418761505,
  "median_ua": 586.1837950670214,
  "std_ua": 289.33273046217124,
  "rms_ua": 656.4651420966845
}