{
  "window_samples": 1000,
  "threshold_ua": 20.0,
  "o2_scfh": 14.049013161764705,
  "fg_scfh": 11.06199501286765,
  "fto_ratio": 0.7873859099921396,
  "preheat_scfh": 25.111008174632353,
  "wire_d_in": 0.041,
  "standoff_in": 0.1,
  "cut_o2_psig": 20.0,
  "wire_material": "steel",
  "feed_ips": "22",
  "start_index": 4867,
  "stop_index": 21481,
  "window_n": 16,
  "mean_ua": 54.00300683412852,
  "median_ua": 50.74769837896431,
  "std_ua": 18.147109391297505,
  "rms_ua": 56.97053910914526
}