{
  "window_samples": 500,
  "threshold_ua": 20.0,
  "o2_scfh": 14.179402380514706,
  "fg_scfh": 10.846144886029414,
  "fto_ratio": 0.7649225683117756,
  "preheat_scfh": 25.02554726654412,
  "wire_d_in": 0.041,
  "standoff_in": 0.1,
  "cut_o2_psig": 20.0,
  "wire_material": "hcsteel",
  "feed_ips": "31",
  "start_index": 4500,
  "stop_index": 15500,
  "max_ua": 472.7364522903093,
  "min_ua": 48.32301491594154,
  "mean_max_ua": 130.38560338215805,
  "mean_min_ua": 71.37308015647245,
  "mean_ua": 107.1866243076816,
  "median_ua": 103.81105160322271,
  "std_ua": 29.002657266082238,
  "rms_ua": 111.04110301581983,
  "post2": 1
}
