{
  "window_samples": 500,
  "threshold_ua": 20.0,
  "o2_scfh": 13.994382931985296,
  "fg_scfh": 10.933172558823529,
  "fto_ratio": 0.7812543512608103,
  "preheat_scfh": 24.927555490808825,
  "wire_d_in": 0.041,
  "standoff_in": 0.1,
  "cut_o2_psig": 20.0,
  "wire_material": "stainless",
  "feed_ips": "31",
  "start_index": 5000,
  "stop_index": 16000,
  "max_ua": 993.4222673898329,
  "min_ua": -5.051292808104387,
  "mean_max_ua": 873.5569210236717,
  "mean_min_ua": 39.994710549625985,
  "mean_std_ua": 181.08977174691412,
  "mean_ua": 596.0274942387567,
  "median_ua": 653.8418743797153,
  "std_ua": 245.19073597731978,
  "rms_ua": 644.4899307961537
}