{
  "window_samples": 500,
  "threshold_ua": 20.0,
  "o2_scfh": 14.188729494485294,
  "fg_scfh": 11.009803731617648,
  "fto_ratio": 0.7759541638944352,
  "preheat_scfh": 25.198533226102942,
  "wire_d_in": 0.041,
  "standoff_in": 0.1,
  "cut_o2_psig": 20.0,
  "wire_material": "iron",
  "feed_ips": "31",
  "start_index": 6999,
  "stop_index": 17499,
  "max_ua": 281.1240455612877,
  "min_ua": -0.45049203546189853,
  "mean_max_ua": 19.836488535319518,
  "mean_min_ua": 7.288921424206413,
  "mean_std_ua": 3.9402777891216347,
  "mean_ua": 13.652329551300546,
  "median_ua": 13.304941261836166,
  "std_ua": 7.138312306581361,
  "rms_ua": 15.405895130228723,
  "post2": 1
}
