{
  "window_samples": 500,
  "threshold_ua": 20.0,
  "o2_scfh": 14.188729494485294,
  "fg_scfh": 11.009803731617648,
  "fto_ratio": 0.7759541638944352,
  "preheat_scfh": 25.198533226102942,
  "wire_d_in": 0.041,
  "standoff_in": 0.1,
  "cut_o2_psig": 20.0,
  "wire_material": "iron",
  "feed_ips": "31",
  "start_index": 6400,
  "stop_index": 17399,
  "max_ua": 281.1240455612877,
  "min_ua": -1.1654637901824514,
  "mean_max_ua": 19.836488535319518,
  "mean_min_ua": -0.31206443593166466,
  "mean_ua": 13.655410440724156,
  "median_ua": 13.13396702655078,
  "std_ua": 7.779372386293543,
  "rms_ua": 15.71587951815821,
  "post2": 1
}
