{
  "window_samples": 500,
  "threshold_ua": 20.0,
  "o2_scfh": 14.014559954044119,
  "fg_scfh": 10.933058305147057,
  "fto_ratio": 0.7801214123738615,
  "preheat_scfh": 24.947618259191174,
  "wire_d_in": 0.041,
  "standoff_in": 0.1,
  "cut_o2_psig": 20.0,
  "wire_material": "hcsteel",
  "feed_ips": "31",
  "start_index": 5000,
  "stop_index": 16000,
  "max_ua": 682.0055500444248,
  "min_ua": 6.170767787943822,
  "mean_max_ua": 174.93953345267974,
  "mean_min_ua": 48.63405768392787,
  "mean_ua": 114.50313858504674,
  "median_ua": 106.8573960274377,
  "std_ua": 53.74509704428852,
  "rms_ua": 126.48914657837807,
  "post2": 1
}
